matchId,timestamp,playerId,eventType,description
M01,12:41,P01,GOAL,Arjun Mehta scored
M01,31:20,P02,FOUL,Rahul Verma committed a foul
M01,48:12,P03,YELLOW_CARD,Aarav Sharma given a yellow card
M01,65:00,P01,GOAL,Arjun Mehta scored
M02,22:15,P04,GOAL,Kabir Singh scored
M02,40:10,P05,SUBSTITUTION,Rohan Patel subbed off
M02,78:30,P04,GOAL,Kabir Singh scored again
M03,15:00,P01,SHOT,Arjun Mehta shot on target
M03,33:10,P07,SAVE,Aditya Nair fantastic save
M03,89:00,P10,YELLOW_CARD,Karan Shah given a yellow card
